{"raw_0": {"HLT_ZZ4lep": 0.02491, "HLT_HHbbttHadHad": 0.045157142857142854, "HLT_jjJZ2": 0.003957142857142857, "HLT_test2": 0.00018057215151699447}, "zscore_0": {"HLT_ZZ4lep": 0.02473, "HLT_HHbbttHadHad": 0.044885714285714286, "HLT_jjJZ2": 0.003914285714285714, "HLT_test2": 0.00016050857912621694}, "quantile_0": {"HLT_ZZ4lep": 0.00691, "HLT_HHbbttHadHad": 0.011628571428571429, "HLT_jjJZ2": 0.0014857142857142857, "HLT_test2": 6.0190717172331577e-05}, "raw_1": {"HLT_ZZ4lep": 0.01409, "HLT_HHbbttHadHad": 0.023885714285714284, "HLT_jjJZ2": 0.002, "HLT_test2": 0.0001404450067354389}, "zscore_1": {"HLT_ZZ4lep": 0.01453, "HLT_HHbbttHadHad": 0.024714285714285713, "HLT_jjJZ2": 0.0021, "HLT_test2": 0.0001404450067354389}, "quantile_1": {"HLT_ZZ4lep": 0.00685, "HLT_HHbbttHadHad": 0.009971428571428572, "HLT_jjJZ2": 0.0011714285714285715, "HLT_test2": 0.0001404450067354389}, "raw_2": {"HLT_ZZ4lep": 0.06375, "HLT_HHbbttHadHad": 0.11615714285714286, "HLT_jjJZ2": 0.007857142857142858, "HLT_test2": 0.00016050857912621662}, "zscore_2": {"HLT_ZZ4lep": 0.06322, "HLT_HHbbttHadHad": 0.1152, "HLT_jjJZ2": 0.007785714285714286, "HLT_test2": 0.0001605085791262167}, "quantile_2": {"HLT_ZZ4lep": 0.00689, "HLT_HHbbttHadHad": 0.01107142857142857, "HLT_jjJZ2": 0.0014285714285714286, "HLT_test2": 0.00010031786195388505}, "raw_3": {"HLT_ZZ4lep": 0.01838, "HLT_HHbbttHadHad": 0.030442857142857143, "HLT_jjJZ2": 0.0028, "HLT_test2": 0.00010031786195388572}, "zscore_3": {"HLT_ZZ4lep": 0.01995, "HLT_HHbbttHadHad": 0.03295714285714286, "HLT_jjJZ2": 0.0030428571428571427, "HLT_test2": 0.00010031786195388545}, "quantile_3": {"HLT_ZZ4lep": 0.00391, "HLT_HHbbttHadHad": 0.004885714285714286, "HLT_jjJZ2": 0.0008428571428571428, "HLT_test2": 0.00012038143434466207}, "raw_4": {"HLT_ZZ4lep": 0.00616, "HLT_HHbbttHadHad": 0.0082, "HLT_jjJZ2": 0.0007857142857142857, "HLT_test2": 0.00010031786195388573}, "zscore_4": {"HLT_ZZ4lep": 0.00661, "HLT_HHbbttHadHad": 0.008928571428571428, "HLT_jjJZ2": 0.0008428571428571428, "HLT_test2": 0.00010031786195388577}, "quantile_4": {"HLT_ZZ4lep": 0.00286, "HLT_HHbbttHadHad": 0.004214285714285715, "HLT_jjJZ2": 0.00045714285714285713, "HLT_test2": 8.02542895631086e-05}, "raw_5": {"HLT_ZZ4lep": 0.04169, "HLT_HHbbttHadHad": 0.0736, "HLT_jjJZ2": 0.0046, "HLT_test2": 0.0001404450067354401}, "zscore_5": {"HLT_ZZ4lep": 0.04247, "HLT_HHbbttHadHad": 0.07514285714285714, "HLT_jjJZ2": 0.0047, "HLT_test2": 0.00014044500673544006}, "quantile_5": {"HLT_ZZ4lep": 0.0102, "HLT_HHbbttHadHad": 0.01697142857142857, "HLT_jjJZ2": 0.0016, "HLT_test2": 0.00014044500673543998}, "raw_6": {"HLT_ZZ4lep": 0.03751, "HLT_HHbbttHadHad": 0.06818571428571428, "HLT_jjJZ2": 0.004842857142857143, "HLT_test2": 0.00010031786195388584}, "zscore_6": {"HLT_ZZ4lep": 0.03812, "HLT_HHbbttHadHad": 0.0695, "HLT_jjJZ2": 0.004942857142857143, "HLT_test2": 0.00010031786195388545}, "quantile_6": {"HLT_ZZ4lep": 0.00966, "HLT_HHbbttHadHad": 0.014657142857142856, "HLT_jjJZ2": 0.0018857142857142857, "HLT_test2": 0.00016050857912621702}}