{"raw_0": {"L1_HHbbttHadHad": 1e-05, "L1_jjJZ2": 0.0, "L1_test2": 0.00012038143434467558}, "zscore_0": {"L1_HHbbttHadHad": 1e-05, "L1_jjJZ2": 0.0, "L1_test2": 0.00012038143434467563}, "quantile_0": {"L1_HHbbttHadHad": 1e-05, "L1_jjJZ2": 0.0, "L1_test2": 0.00016050857912623415}, "raw_1": {"L1_HHbbttHadHad": 1e-05, "L1_jjJZ2": 0.0, "L1_test2": 0.00020183577313355133}, "zscore_1": {"L1_HHbbttHadHad": 1e-05, "L1_jjJZ2": 0.0, "L1_test2": 0.00020183577313355136}, "quantile_1": {"L1_HHbbttHadHad": 1e-05, "L1_jjJZ2": 0.0, "L1_test2": 0.00018057215151701366}, "raw_2": {"L1_HHbbttHadHad": 1e-05, "L1_jjJZ2": 0.0, "L1_test2": 0.0001605085791262336}, "zscore_2": {"L1_HHbbttHadHad": 1e-05, "L1_jjJZ2": 0.0, "L1_test2": 0.00014044500673545443}, "quantile_2": {"L1_HHbbttHadHad": 1e-05, "L1_jjJZ2": 0.0, "L1_test2": 0.0001605085791262336}, "raw_3": {"L1_HHbbttHadHad": 1e-05, "L1_jjJZ2": 0.0, "L1_test2": 0.00018057215151701274}, "zscore_3": {"L1_HHbbttHadHad": 1e-05, "L1_jjJZ2": 0.0, "L1_test2": 0.00018057215151701277}, "quantile_3": {"L1_HHbbttHadHad": 1e-05, "L1_jjJZ2": 0.0, "L1_test2": 0.00016050857912623364}, "raw_4": {"L1_HHbbttHadHad": 1e-05, "L1_jjJZ2": 0.0, "L1_test2": 0.00018057215151701252}, "zscore_4": {"L1_HHbbttHadHad": 1e-05, "L1_jjJZ2": 0.0, "L1_test2": 0.0001805721515170125}, "quantile_4": {"L1_HHbbttHadHad": 1e-05, "L1_jjJZ2": 0.0, "L1_test2": 0.00018057215151701193}, "raw_5": {"L1_HHbbttHadHad": 1e-05, "L1_jjJZ2": 0.0, "L1_test2": 0.00018057215151701307}, "zscore_5": {"L1_HHbbttHadHad": 1e-05, "L1_jjJZ2": 0.0, "L1_test2": 0.0001805721515170131}, "quantile_5": {"L1_HHbbttHadHad": 1e-05, "L1_jjJZ2": 0.0, "L1_test2": 0.0001805721515170131}, "raw_6": {"L1_HHbbttHadHad": 0.0, "L1_jjJZ2": 0.0, "L1_test2": 0.0001605085791262344}, "zscore_6": {"L1_HHbbttHadHad": 0.0, "L1_jjJZ2": 0.0, "L1_test2": 0.0001605085791262344}, "quantile_6": {"L1_HHbbttHadHad": 0.0, "L1_jjJZ2": 0.0, "L1_test2": 0.00012038143434467576}}