{
    "HLT_0": {
        "HLT_ZZ4lep": 0.00039,
        "HLT_HHbbttHadHad": 0.0,
        "HLT_jjJZ2": 0.0025,
        "HLT_test2": 0.0001605085791262169
    },
    "L1_0": {
        "L1_HHbbttHadHad": 2e-05,
        "L1_jjJZ2": 3e-05,
        "L1_test2": 0.00012038143434467563
    },
    "HLT_1": {
        "HLT_ZZ4lep": 0.00053,
        "HLT_HHbbttHadHad": 7.142857142857143e-05,
        "HLT_jjJZ2": 0.0018142857142857142,
        "HLT_test2": 0.0001404450067354389
    },
    "L1_1": {
        "L1_HHbbttHadHad": 1e-05,
        "L1_jjJZ2": 3e-05,
        "L1_test2": 0.00020183577313355136
    },
    "HLT_2": {
        "HLT_ZZ4lep": 0.00054,
        "HLT_HHbbttHadHad": 0.00011428571428571428,
        "HLT_jjJZ2": 0.002442857142857143,
        "HLT_test2": 0.00014044500673543955
    },
    "L1_2": {
        "L1_HHbbttHadHad": 1e-05,
        "L1_jjJZ2": 3e-05,
        "L1_test2": 0.00012038143434467523
    },
    "HLT_3": {
        "HLT_ZZ4lep": 0.00018,
        "HLT_HHbbttHadHad": 5.714285714285714e-05,
        "HLT_jjJZ2": 0.0014428571428571429,
        "HLT_test2": 0.00010031786195388547
    },
    "L1_3": {
        "L1_HHbbttHadHad": 3e-05,
        "L1_jjJZ2": 5e-05,
        "L1_test2": 0.00018057215151701277
    },
    "HLT_4": {
        "HLT_ZZ4lep": 0.00038,
        "HLT_HHbbttHadHad": 8.571428571428571e-05,
        "HLT_jjJZ2": 0.0009428571428571429,
        "HLT_test2": 0.00010031786195388577
    },
    "L1_4": {
        "L1_HHbbttHadHad": 2e-05,
        "L1_jjJZ2": 3e-05,
        "L1_test2": 0.00016050857912623334
    },
    "HLT_5": {
        "HLT_ZZ4lep": 0.00048,
        "HLT_HHbbttHadHad": 4.2857142857142856e-05,
        "HLT_jjJZ2": 0.0024285714285714284,
        "HLT_test2": 0.00014044500673544006
    },
    "L1_5": {
        "L1_HHbbttHadHad": 2e-05,
        "L1_jjJZ2": 5e-05,
        "L1_test2": 0.0001805721515170131
    },
    "HLT_6": {
        "HLT_ZZ4lep": 0.00046,
        "HLT_HHbbttHadHad": 7.142857142857143e-05,
        "HLT_jjJZ2": 0.002214285714285714,
        "HLT_test2": 0.00010031786195388545
    },
    "L1_6": {
        "L1_HHbbttHadHad": 1e-05,
        "L1_jjJZ2": 6e-05,
        "L1_test2": 0.0001404450067354551
    }
}