{
    "HLT_0": {
        "HLT_ZZ4lep": 0.02491,
        "HLT_HHbbttHadHad": 0.045157142857142854,
        "HLT_jjJZ2": 0.003957142857142857,
        "HLT_test2": 0.00018057215151699447
    },
    "L1_0": {
        "L1_HHbbttHadHad": 1e-05,
        "L1_jjJZ2": 0.0,
        "L1_test2": 0.00012038143434467558
    },
    "HLT_1": {
        "HLT_ZZ4lep": 0.01409,
        "HLT_HHbbttHadHad": 0.023885714285714284,
        "HLT_jjJZ2": 0.002,
        "HLT_test2": 0.0001404450067354389
    },
    "L1_1": {
        "L1_HHbbttHadHad": 1e-05,
        "L1_jjJZ2": 0.0,
        "L1_test2": 0.00020183577313355133
    },
    "HLT_2": {
        "HLT_ZZ4lep": 0.06375,
        "HLT_HHbbttHadHad": 0.11615714285714286,
        "HLT_jjJZ2": 0.007857142857142858,
        "HLT_test2": 0.00016050857912621662
    },
    "L1_2": {
        "L1_HHbbttHadHad": 1e-05,
        "L1_jjJZ2": 0.0,
        "L1_test2": 0.0001605085791262336
    },
    "HLT_3": {
        "HLT_ZZ4lep": 0.01838,
        "HLT_HHbbttHadHad": 0.030442857142857143,
        "HLT_jjJZ2": 0.0028,
        "HLT_test2": 0.00010031786195388572
    },
    "L1_3": {
        "L1_HHbbttHadHad": 1e-05,
        "L1_jjJZ2": 0.0,
        "L1_test2": 0.00018057215151701274
    },
    "HLT_4": {
        "HLT_ZZ4lep": 0.00616,
        "HLT_HHbbttHadHad": 0.0082,
        "HLT_jjJZ2": 0.0007857142857142857,
        "HLT_test2": 0.00010031786195388573
    },
    "L1_4": {
        "L1_HHbbttHadHad": 1e-05,
        "L1_jjJZ2": 0.0,
        "L1_test2": 0.00018057215151701252
    },
    "HLT_5": {
        "HLT_ZZ4lep": 0.04169,
        "HLT_HHbbttHadHad": 0.0736,
        "HLT_jjJZ2": 0.0046,
        "HLT_test2": 0.0001404450067354401
    },
    "L1_5": {
        "L1_HHbbttHadHad": 1e-05,
        "L1_jjJZ2": 0.0,
        "L1_test2": 0.00018057215151701307
    },
    "HLT_6": {
        "HLT_ZZ4lep": 0.03751,
        "HLT_HHbbttHadHad": 0.06818571428571428,
        "HLT_jjJZ2": 0.004842857142857143,
        "HLT_test2": 0.00010031786195388584
    },
    "L1_6": {
        "L1_HHbbttHadHad": 0.0,
        "L1_jjJZ2": 0.0,
        "L1_test2": 0.0001605085791262344
    }
}