{
    "HLT_0": {
        "HLT_ZZ4lep": 0.00107,
        "HLT_HHbbttHadHad": 0.0010285714285714286,
        "HLT_jjJZ2": 0.00018571428571428572,
        "HLT_test2": 0.00014044500673543955
    },
    "L1_0": {
        "L1_HHbbttHadHad": 0.0,
        "L1_jjJZ2": 0.0,
        "L1_test2": 0.00014044500673545508
    },
    "HLT_1": {
        "HLT_ZZ4lep": 0.00089,
        "HLT_HHbbttHadHad": 0.0009,
        "HLT_jjJZ2": 7.142857142857143e-05,
        "HLT_test2": 8.02542895631084e-05
    },
    "L1_1": {
        "L1_HHbbttHadHad": 0.0,
        "L1_jjJZ2": 0.0,
        "L1_test2": 0.00014164505596121318
    },
    "HLT_2": {
        "HLT_ZZ4lep": 0.0014,
        "HLT_HHbbttHadHad": 0.0017714285714285714,
        "HLT_jjJZ2": 0.00015714285714285713,
        "HLT_test2": 0.00016050857912621724
    },
    "L1_2": {
        "L1_HHbbttHadHad": 0.0,
        "L1_jjJZ2": 0.0,
        "L1_test2": 0.00014044500673545546
    },
    "HLT_3": {
        "HLT_ZZ4lep": 0.00089,
        "HLT_HHbbttHadHad": 0.0005714285714285715,
        "HLT_jjJZ2": 0.00011428571428571428,
        "HLT_test2": 0.00012038143434466192
    },
    "L1_3": {
        "L1_HHbbttHadHad": 0.0,
        "L1_jjJZ2": 0.0,
        "L1_test2": 0.00012038143434467509
    },
    "HLT_4": {
        "HLT_ZZ4lep": 0.00081,
        "HLT_HHbbttHadHad": 0.0008,
        "HLT_jjJZ2": 7.142857142857143e-05,
        "HLT_test2": 0.00012038143434466388
    },
    "L1_4": {
        "L1_HHbbttHadHad": 1e-05,
        "L1_jjJZ2": 0.0,
        "L1_test2": 0.00018057215151701195
    },
    "HLT_5": {
        "HLT_ZZ4lep": 0.00108,
        "HLT_HHbbttHadHad": 0.0007142857142857143,
        "HLT_jjJZ2": 0.00014285714285714287,
        "HLT_test2": 0.0001203814343446614
    },
    "L1_5": {
        "L1_HHbbttHadHad": 0.0,
        "L1_jjJZ2": 0.0,
        "L1_test2": 0.0001404450067354535
    },
    "HLT_6": {
        "HLT_ZZ4lep": 0.00125,
        "HLT_HHbbttHadHad": 0.001257142857142857,
        "HLT_jjJZ2": 0.00018571428571428572,
        "HLT_test2": 0.000120381434344663
    },
    "L1_6": {
        "L1_HHbbttHadHad": 0.0,
        "L1_jjJZ2": 0.0,
        "L1_test2": 0.00014044500673545543
    }
}