{
    "HLT_0": {
        "HLT_ZZ4lep": 0.00016,
        "HLT_HHbbttHadHad": 2.857142857142857e-05,
        "HLT_jjJZ2": 1.4285714285714285e-05,
        "HLT_test2": 4.012714478155579e-05
    },
    "L1_0": {
        "L1_HHbbttHadHad": 0.0,
        "L1_jjJZ2": 0.0,
        "L1_test2": 6.019071717233756e-05
    },
    "HLT_1": {
        "HLT_ZZ4lep": 0.00016,
        "HLT_HHbbttHadHad": 4.2857142857142856e-05,
        "HLT_jjJZ2": 1.4285714285714285e-05,
        "HLT_test2": 6.019071717233372e-05
    },
    "L1_1": {
        "L1_HHbbttHadHad": 0.0,
        "L1_jjJZ2": 0.0,
        "L1_test2": 0.00012038143434467474
    },
    "HLT_2": {
        "HLT_ZZ4lep": 0.00017,
        "HLT_HHbbttHadHad": 1.4285714285714285e-05,
        "HLT_jjJZ2": 1.4285714285714285e-05,
        "HLT_test2": 4.012714478155582e-05
    },
    "L1_2": {
        "L1_HHbbttHadHad": 0.0,
        "L1_jjJZ2": 0.0,
        "L1_test2": 8.02542895631167e-05
    },
    "HLT_3": {
        "HLT_ZZ4lep": 0.00014,
        "HLT_HHbbttHadHad": 2.857142857142857e-05,
        "HLT_jjJZ2": 1.4285714285714285e-05,
        "HLT_test2": 4.012714478155578e-05
    },
    "L1_3": {
        "L1_HHbbttHadHad": 0.0,
        "L1_jjJZ2": 0.0,
        "L1_test2": 6.019071717233747e-05
    },
    "HLT_4": {
        "HLT_ZZ4lep": 0.00015,
        "HLT_HHbbttHadHad": 2.857142857142857e-05,
        "HLT_jjJZ2": 1.4285714285714285e-05,
        "HLT_test2": 4.0127144781555814e-05
    },
    "L1_4": {
        "L1_HHbbttHadHad": 0.0,
        "L1_jjJZ2": 0.0,
        "L1_test2": 6.019071717233765e-05
    },
    "HLT_5": {
        "HLT_ZZ4lep": 0.00016,
        "HLT_HHbbttHadHad": 1.4285714285714285e-05,
        "HLT_jjJZ2": 1.4285714285714285e-05,
        "HLT_test2": 4.012714478155565e-05
    },
    "L1_5": {
        "L1_HHbbttHadHad": 0.0,
        "L1_jjJZ2": 0.0,
        "L1_test2": 4.012714478155841e-05
    },
    "HLT_6": {
        "HLT_ZZ4lep": 0.00015,
        "HLT_HHbbttHadHad": 1.4285714285714285e-05,
        "HLT_jjJZ2": 1.4285714285714285e-05,
        "HLT_test2": 4.012714478155579e-05
    },
    "L1_6": {
        "L1_HHbbttHadHad": 0.0,
        "L1_jjJZ2": 0.0,
        "L1_test2": 0.00010031786195389568
    }
}