{"raw_0": {"HLT_ZZ4lep": {"L1_HHbbttHadHad": 1e-05, "L1_jjJZ2": 0.0, "L1_test2": 0.00012038143434467558}, "HLT_HHbbttHadHad": {"L1_HHbbttHadHad": 1e-05, "L1_jjJZ2": 0.0, "L1_test2": 0.00012038143434467558}, "HLT_jjJZ2": {"L1_HHbbttHadHad": 1e-05, "L1_jjJZ2": 0.0, "L1_test2": 0.00012038143434467558}, "HLT_test1": {"L1_HHbbttHadHad": 1e-05, "L1_jjJZ2": 0.0, "L1_test2": 0.00012038143434467558}, "HLT_test2": {"L1_HHbbttHadHad": 1e-05, "L1_jjJZ2": 0.0, "L1_test2": 0.00012038143434467558}, "L1_HHbbttHadHad": {"L1_HHbbttHadHad": 1e-05, "L1_jjJZ2": 0.0, "L1_test2": 0.00012038143434467558}, "L1_jjJZ2": {"L1_HHbbttHadHad": 1e-05, "L1_jjJZ2": 0.0, "L1_test2": 0.00012038143434467558}, "L1_test1": {"L1_HHbbttHadHad": 1e-05, "L1_jjJZ2": 0.0, "L1_test2": 0.00012038143434467558}, "L1_test2": {"L1_HHbbttHadHad": 1e-05, "L1_jjJZ2": 0.0, "L1_test2": 0.00012038143434467558}}, "zscore_0": {"HLT_ZZ4lep": {"L1_HHbbttHadHad": 1e-05, "L1_jjJZ2": 0.0, "L1_test2": 0.00012038143434467563}, "HLT_HHbbttHadHad": {"L1_HHbbttHadHad": 1e-05, "L1_jjJZ2": 0.0, "L1_test2": 0.00012038143434467563}, "HLT_jjJZ2": {"L1_HHbbttHadHad": 1e-05, "L1_jjJZ2": 0.0, "L1_test2": 0.00012038143434467563}, "HLT_test1": {"L1_HHbbttHadHad": 1e-05, "L1_jjJZ2": 0.0, "L1_test2": 0.00012038143434467563}, "HLT_test2": {"L1_HHbbttHadHad": 1e-05, "L1_jjJZ2": 0.0, "L1_test2": 0.00012038143434467563}, "L1_HHbbttHadHad": {"L1_HHbbttHadHad": 1e-05, "L1_jjJZ2": 0.0, "L1_test2": 0.00012038143434467563}, "L1_jjJZ2": {"L1_HHbbttHadHad": 1e-05, "L1_jjJZ2": 0.0, "L1_test2": 0.00012038143434467563}, "L1_test1": {"L1_HHbbttHadHad": 1e-05, "L1_jjJZ2": 0.0, "L1_test2": 0.00012038143434467563}, "L1_test2": {"L1_HHbbttHadHad": 1e-05, "L1_jjJZ2": 0.0, "L1_test2": 0.00012038143434467563}}, "quantile_0": {"HLT_ZZ4lep": {"L1_HHbbttHadHad": 1e-05, "L1_jjJZ2": 0.0, "L1_test2": 0.00014044500673545486}, "HLT_HHbbttHadHad": {"L1_HHbbttHadHad": 1e-05, "L1_jjJZ2": 0.0, "L1_test2": 0.00014044500673545486}, "HLT_jjJZ2": {"L1_HHbbttHadHad": 1e-05, "L1_jjJZ2": 0.0, "L1_test2": 0.00014044500673545486}, "HLT_test1": {"L1_HHbbttHadHad": 1e-05, "L1_jjJZ2": 0.0, "L1_test2": 0.00014044500673545486}, "HLT_test2": {"L1_HHbbttHadHad": 1e-05, "L1_jjJZ2": 0.0, "L1_test2": 0.00014044500673545486}, "L1_HHbbttHadHad": {"L1_HHbbttHadHad": 1e-05, "L1_jjJZ2": 0.0, "L1_test2": 0.00014044500673545486}, "L1_jjJZ2": {"L1_HHbbttHadHad": 1e-05, "L1_jjJZ2": 0.0, "L1_test2": 0.00014044500673545486}, "L1_test1": {"L1_HHbbttHadHad": 1e-05, "L1_jjJZ2": 0.0, "L1_test2": 0.00014044500673545486}, "L1_test2": {"L1_HHbbttHadHad": 1e-05, "L1_jjJZ2": 0.0, "L1_test2": 0.00014044500673545486}}, "raw_1": {"HLT_ZZ4lep": {"L1_HHbbttHadHad": 1e-05, "L1_jjJZ2": 0.0, "L1_test2": 0.00020183577313355133}, "HLT_HHbbttHadHad": {"L1_HHbbttHadHad": 1e-05, "L1_jjJZ2": 0.0, "L1_test2": 0.00020183577313355133}, "HLT_jjJZ2": {"L1_HHbbttHadHad": 1e-05, "L1_jjJZ2": 0.0, "L1_test2": 0.00020183577313355133}, "HLT_test1": {"L1_HHbbttHadHad": 1e-05, "L1_jjJZ2": 0.0, "L1_test2": 0.00020183577313355133}, "HLT_test2": {"L1_HHbbttHadHad": 1e-05, "L1_jjJZ2": 0.0, "L1_test2": 0.00020183577313355133}, "L1_HHbbttHadHad": {"L1_HHbbttHadHad": 1e-05, "L1_jjJZ2": 0.0, "L1_test2": 0.00020183577313355133}, "L1_jjJZ2": {"L1_HHbbttHadHad": 1e-05, "L1_jjJZ2": 0.0, "L1_test2": 0.00020183577313355133}, "L1_test1": {"L1_HHbbttHadHad": 1e-05, "L1_jjJZ2": 0.0, "L1_test2": 0.00020183577313355133}, "L1_test2": {"L1_HHbbttHadHad": 1e-05, "L1_jjJZ2": 0.0, "L1_test2": 0.00020183577313355133}}, "zscore_1": {"HLT_ZZ4lep": {"L1_HHbbttHadHad": 1e-05, "L1_jjJZ2": 0.0, "L1_test2": 0.00020183577313355136}, "HLT_HHbbttHadHad": {"L1_HHbbttHadHad": 1e-05, "L1_jjJZ2": 0.0, "L1_test2": 0.00020183577313355136}, "HLT_jjJZ2": {"L1_HHbbttHadHad": 1e-05, "L1_jjJZ2": 0.0, "L1_test2": 0.00020183577313355136}, "HLT_test1": {"L1_HHbbttHadHad": 1e-05, "L1_jjJZ2": 0.0, "L1_test2": 0.00020183577313355136}, "HLT_test2": {"L1_HHbbttHadHad": 1e-05, "L1_jjJZ2": 0.0, "L1_test2": 0.00020183577313355136}, "L1_HHbbttHadHad": {"L1_HHbbttHadHad": 1e-05, "L1_jjJZ2": 0.0, "L1_test2": 0.00020183577313355136}, "L1_jjJZ2": {"L1_HHbbttHadHad": 1e-05, "L1_jjJZ2": 0.0, "L1_test2": 0.00020183577313355136}, "L1_test1": {"L1_HHbbttHadHad": 1e-05, "L1_jjJZ2": 0.0, "L1_test2": 0.00020183577313355136}, "L1_test2": {"L1_HHbbttHadHad": 1e-05, "L1_jjJZ2": 0.0, "L1_test2": 0.00020183577313355136}}, "quantile_1": {"HLT_ZZ4lep": {"L1_HHbbttHadHad": 1e-05, "L1_jjJZ2": 0.0, "L1_test2": 0.00014164505596121356}, "HLT_HHbbttHadHad": {"L1_HHbbttHadHad": 1e-05, "L1_jjJZ2": 0.0, "L1_test2": 0.00014164505596121356}, "HLT_jjJZ2": {"L1_HHbbttHadHad": 1e-05, "L1_jjJZ2": 0.0, "L1_test2": 0.00014164505596121356}, "HLT_test1": {"L1_HHbbttHadHad": 1e-05, "L1_jjJZ2": 0.0, "L1_test2": 0.00014164505596121356}, "HLT_test2": {"L1_HHbbttHadHad": 1e-05, "L1_jjJZ2": 0.0, "L1_test2": 0.00014164505596121356}, "L1_HHbbttHadHad": {"L1_HHbbttHadHad": 1e-05, "L1_jjJZ2": 0.0, "L1_test2": 0.00014164505596121356}, "L1_jjJZ2": {"L1_HHbbttHadHad": 1e-05, "L1_jjJZ2": 0.0, "L1_test2": 0.00014164505596121356}, "L1_test1": {"L1_HHbbttHadHad": 1e-05, "L1_jjJZ2": 0.0, "L1_test2": 0.00014164505596121356}, "L1_test2": {"L1_HHbbttHadHad": 1e-05, "L1_jjJZ2": 0.0, "L1_test2": 0.00014164505596121356}}, "raw_2": {"HLT_ZZ4lep": {"L1_HHbbttHadHad": 1e-05, "L1_jjJZ2": 0.0, "L1_test2": 0.0001605085791262336}, "HLT_HHbbttHadHad": {"L1_HHbbttHadHad": 1e-05, "L1_jjJZ2": 0.0, "L1_test2": 0.0001605085791262336}, "HLT_jjJZ2": {"L1_HHbbttHadHad": 1e-05, "L1_jjJZ2": 0.0, "L1_test2": 0.0001605085791262336}, "HLT_test1": {"L1_HHbbttHadHad": 1e-05, "L1_jjJZ2": 0.0, "L1_test2": 0.0001605085791262336}, "HLT_test2": {"L1_HHbbttHadHad": 1e-05, "L1_jjJZ2": 0.0, "L1_test2": 0.0001605085791262336}, "L1_HHbbttHadHad": {"L1_HHbbttHadHad": 1e-05, "L1_jjJZ2": 0.0, "L1_test2": 0.0001605085791262336}, "L1_jjJZ2": {"L1_HHbbttHadHad": 1e-05, "L1_jjJZ2": 0.0, "L1_test2": 0.0001605085791262336}, "L1_test1": {"L1_HHbbttHadHad": 1e-05, "L1_jjJZ2": 0.0, "L1_test2": 0.0001605085791262336}, "L1_test2": {"L1_HHbbttHadHad": 1e-05, "L1_jjJZ2": 0.0, "L1_test2": 0.0001605085791262336}}, "zscore_2": {"HLT_ZZ4lep": {"L1_HHbbttHadHad": 1e-05, "L1_jjJZ2": 0.0, "L1_test2": 0.00014044500673545443}, "HLT_HHbbttHadHad": {"L1_HHbbttHadHad": 1e-05, "L1_jjJZ2": 0.0, "L1_test2": 0.00014044500673545443}, "HLT_jjJZ2": {"L1_HHbbttHadHad": 1e-05, "L1_jjJZ2": 0.0, "L1_test2": 0.00014044500673545443}, "HLT_test1": {"L1_HHbbttHadHad": 1e-05, "L1_jjJZ2": 0.0, "L1_test2": 0.00014044500673545443}, "HLT_test2": {"L1_HHbbttHadHad": 1e-05, "L1_jjJZ2": 0.0, "L1_test2": 0.00014044500673545443}, "L1_HHbbttHadHad": {"L1_HHbbttHadHad": 1e-05, "L1_jjJZ2": 0.0, "L1_test2": 0.00014044500673545443}, "L1_jjJZ2": {"L1_HHbbttHadHad": 1e-05, "L1_jjJZ2": 0.0, "L1_test2": 0.00014044500673545443}, "L1_test1": {"L1_HHbbttHadHad": 1e-05, "L1_jjJZ2": 0.0, "L1_test2": 0.00014044500673545443}, "L1_test2": {"L1_HHbbttHadHad": 1e-05, "L1_jjJZ2": 0.0, "L1_test2": 0.00014044500673545443}}, "quantile_2": {"HLT_ZZ4lep": {"L1_HHbbttHadHad": 1e-05, "L1_jjJZ2": 0.0, "L1_test2": 0.00014044500673545443}, "HLT_HHbbttHadHad": {"L1_HHbbttHadHad": 1e-05, "L1_jjJZ2": 0.0, "L1_test2": 0.00014044500673545443}, "HLT_jjJZ2": {"L1_HHbbttHadHad": 1e-05, "L1_jjJZ2": 0.0, "L1_test2": 0.00014044500673545443}, "HLT_test1": {"L1_HHbbttHadHad": 1e-05, "L1_jjJZ2": 0.0, "L1_test2": 0.00014044500673545443}, "HLT_test2": {"L1_HHbbttHadHad": 1e-05, "L1_jjJZ2": 0.0, "L1_test2": 0.00014044500673545443}, "L1_HHbbttHadHad": {"L1_HHbbttHadHad": 1e-05, "L1_jjJZ2": 0.0, "L1_test2": 0.00014044500673545443}, "L1_jjJZ2": {"L1_HHbbttHadHad": 1e-05, "L1_jjJZ2": 0.0, "L1_test2": 0.00014044500673545443}, "L1_test1": {"L1_HHbbttHadHad": 1e-05, "L1_jjJZ2": 0.0, "L1_test2": 0.00014044500673545443}, "L1_test2": {"L1_HHbbttHadHad": 1e-05, "L1_jjJZ2": 0.0, "L1_test2": 0.00014044500673545443}}, "raw_3": {"HLT_ZZ4lep": {"L1_HHbbttHadHad": 1e-05, "L1_jjJZ2": 0.0, "L1_test2": 0.00018057215151701274}, "HLT_HHbbttHadHad": {"L1_HHbbttHadHad": 1e-05, "L1_jjJZ2": 0.0,