{
    "HLT_0.keras": {
        "HLT_zerobias": 0.28977754661674515,
        "HLT_passedHLT": 0.5529478078652665,
        "HLT_Ztautau": 0.34632206941689786,
        "HLT_ZZ4lep": 0.5784993167541224,
        "HLT_qqa": 0.45190005933060573,
        "HLT_HNL7p5_ctau1_eemu": 0.41529179133334554,
        "HLT_Zprime2EJs": 0.5425570682097304,
        "HLT_HAHMggfZdZd2l2nu": 0.5466608579473917,
        "HLT_HHbbttHadHad": 0.6270787615009796,
        "HLT_jjJZ4": 0.5540214913734574,
        "HLT_jjJZ2": 0.44844158209139734,
        "HLT_test2": 0.5109704103087167
    },
    "HLT_1.keras": {
        "HLT_zerobias": 0.29098829168239354,
        "HLT_passedHLT": 0.5488193872855981,
        "HLT_Ztautau": 0.34881375077156074,
        "HLT_ZZ4lep": 0.5846193361160409,
        "HLT_qqa": 0.44938963190525577,
        "HLT_HNL7p5_ctau1_eemu": 0.4170498182832366,
        "HLT_Zprime2EJs": 0.5178830256670941,
        "HLT_HAHMggfZdZd2l2nu": 0.558652778082669,
        "HLT_HHbbttHadHad": 0.6322285536405946,
        "HLT_jjJZ4": 0.5389885113650126,
        "HLT_jjJZ2": 0.45135395484344837,
        "HLT_test2": 0.509103845574656
    },
    "HLT_10.keras": {
        "HLT_zerobias": 0.29762571269992066,
        "HLT_passedHLT": 0.5506259261761456,
        "HLT_Ztautau": 0.35054509008247725,
        "HLT_ZZ4lep": 0.603101457895074,
        "HLT_qqa": 0.4541235377769969,
        "HLT_HNL7p5_ctau1_eemu": 0.424707975854049,
        "HLT_Zprime2EJs": 0.5508003618543946,
        "HLT_HAHMggfZdZd2l2nu": 0.5714201186622939,
        "HLT_HHbbttHadHad": 0.6518262935198156,
        "HLT_jjJZ4": 0.5452079928172077,
        "HLT_jjJZ2": 0.45045847964579677,
        "HLT_test2": 0.5107329517721395
    },
    "HLT_11.keras": {
        "HLT_zerobias": 0.28088639356974754,
        "HLT_passedHLT": 0.5506133931507371,
        "HLT_Ztautau": 0.34038103293130784,
        "HLT_ZZ4lep": 0.6224893147241212,
        "HLT_qqa": 0.46329997951014756,
        "HLT_HNL7p5_ctau1_eemu": 0.41344943131782147,
        "HLT_Zprime2EJs": 0.5636061008732098,
        "HLT_HAHMggfZdZd2l2nu": 0.5765134038563454,
        "HLT_HHbbttHadHad": 0.6994585406178179,
        "HLT_jjJZ4": 0.561511965785934,
        "HLT_jjJZ2": 0.452574460687567,
        "HLT_test2": 0.5065815495159969
    },
    "HLT_12.keras": {
        "HLT_zerobias": 0.29187095413059216,
        "HLT_passedHLT": 0.5512688523841477,
        "HLT_Ztautau": 0.3468269888488798,
        "HLT_ZZ4lep": 0.6164412968303564,
        "HLT_qqa": 0.4578047192105117,
        "HLT_HNL7p5_ctau1_eemu": 0.4252918284929632,
        "HLT_Zprime2EJs": 0.5600011392956055,
        "HLT_HAHMggfZdZd2l2nu": 0.5819741672963255,
        "HLT_HHbbttHadHad": 0.6804228876206263,
        "HLT_jjJZ4": 0.5545519479195667,
        "HLT_jjJZ2": 0.44743449147457354,
        "HLT_test2": 0.5080259164845353
    },
    "HLT_13.keras": {
        "HLT_zerobias": 0.2862401927705766,
        "HLT_passedHLT": 0.549072707984627,
        "HLT_Ztautau": 0.3509530503196317,
        "HLT_ZZ4lep": 0.571948996075003,
        "HLT_qqa": 0.45054609216446195,
        "HLT_HNL7p5_ctau1_eemu": 0.4133798369464563,
        "HLT_Zprime2EJs": 0.48513222639951026,
        "HLT_HAHMggfZdZd2l2nu": 0.5548956878713482,
        "HLT_HHbbttHadHad": 0.6226000893551766,
        "HLT_jjJZ4": 0.5329504810734607,
        "HLT_jjJZ2": 0.4622421073705249,
        "HLT_test2": 0.5092939425594094
    },
    "HLT_14.keras": {
        "HLT_zerobias": 0.2928808415531154,
        "HLT_passedHLT": 0.5521777830512342,
        "HLT_Ztautau": 0.34824169829457735,
        "HLT_ZZ4lep": 0.6202768852500333,
        "HLT_qqa": 0.45741176876598916,
        "HLT_HNL7p5_ctau1_eemu": 0.4280069353314482,
        "HLT_Zprime2EJs": 0.5635560987790843,
        "HLT_HAHMggfZdZd2l2nu": 0.5870923169061022,
        "HLT_HHbbttHadHad": 0.685897529043232,
        "HLT_jjJZ4": 0.554339650856552,
        "HLT_jjJZ2": 0.44956394196238114,
        "HLT_test2": 0.5064404745240273
    },
    "HLT_15.keras": {
        "HLT_zerobias": 0.2920405320494979,
        "HLT_passedHLT": 0.5529556142503893,
        "HLT_Ztautau": 0.34777357564320066,
        "HLT_ZZ4lep": 0.6002919524981718,
        "HLT_qqa": 0.45348274849171805,
        "HLT_HNL7p5_ctau1_eemu": 0.4198949582520215,
        "HLT_Zprime2EJs": 0.5359472579510988,
        "HLT_HAHMggfZdZd2l2nu": 0.5706366146841899,
        "HLT_HHbbttHadHad": 0.6646756440271551,
        "HLT_jjJZ4": 0.5466505368688552,
        "HLT_jjJZ2": 0.4500497032345735,
        "HLT_test2": 0.512800943480139
    },
    "HLT_16.keras": {
        "HLT_zerobias": 0.28690085494193074,
        "HLT_passedHLT": 0.5555338802524556,
        "HLT_Ztautau": 0.3467845594571117,
        "HLT_ZZ4lep": 0.6208790804327524,
        "HLT_qqa": 0.46818898887105204,
        "HLT_HNL7p5_ctau1_eemu": 0.4228215733285259,
        "HLT_Zprime2EJs": 0.5690119675276906,
        "HLT_HAHMggfZdZd2l2nu": 0.5874195738536072,
        "HLT_HHbbttHadHad": 0.7008191299092312,
        "HLT_jjJZ4": 0.5659391022183347,
        "HLT_jjJZ2": 0.4563591577124364,
        "HLT_test2": 0.5092503555379413
    },
    "HLT_17.keras": {
        "HLT_zerobias": 0.28601327759990874,
        "HLT_passedHLT": 0.5531884138335121,
        "HLT_Ztautau": 0.34612693274575174,
        "HLT_ZZ4lep": 0.5728222539697535,
        "HLT_qqa": 0.45303770390287335,
        "HLT_HNL7p5_ctau1_eemu": 0.41288827981653003,
        "HLT_Zprime2EJs": 0.5224502817097261,
        "HLT_HAHMggfZdZd2l2nu": 0.5418530746607295,
        "HLT_HHbbttHadHad": 0.6183206537260522,
        "HLT_jjJZ4": 0.5475074162997272,
        "HLT_jjJZ2": 0.4523673669385861,
        "HLT_test2": 0.5093497576436024
    },
    "HLT_18.keras": {
        "HLT_zerobias": 0.29190272355535346,
        "HLT_passedHLT": 0.5526626667006966,
        "HLT_Ztautau": 0.34848843475350516,
        "HLT_ZZ4lep": 0.6112977016195855,
        "HLT_qqa": 0.45602567757315404,
        "HLT_HNL7p5_ctau1_eemu": 0.42506523444127786,
        "HLT_Zprime2EJs": 0.5552669591881635,
        "HLT_HAHMggfZdZd2l2nu": 0.578116205586875,
        "HLT_HHbbttHadHad": 0.6776909266499593,
        "HLT_jjJZ4": 0.5540592721509978,
        "HLT_jjJZ2": 0.45048017820935543,
        "HLT_test2": 0.5111855976335913
    },
    "HLT_19.keras": {
        "HLT_zerobias": 0.28627921511832627,
        "HLT_passedHLT": 0.5482695336229721,
        "HLT_Ztautau": 0.34302879094450167,
        "HLT_ZZ4lep": 0.5988290789965884,
        "HLT_qqa": 0.46020581159399065,
        "HLT_HNL7p5_ctau1_eemu": 0.41231580397803613,
        "HLT_Zprime2EJs": 0.5594407638940976,
        "HLT_HAHMggfZdZd2l2nu": 0.5576654980918676,
        "HLT_HHbbttHadHad": 0.6681841131663382,
        "HLT_jjJZ4": 0.5602633523098683,
        "HLT_jjJZ2": 0.45334527895528953,
        "HLT_test2": 0.5065707621363987
    },
    "HLT_2.keras": {
        "HLT_zerobias": 0.28861847410249775,
        "HLT_passedHLT": 0.5556234205504292,
        "HLT_Ztautau": 0.34727363879823486,
        "HLT_ZZ4lep": 0.6027435130261336,
        "HLT_qqa": 0.4558086236409474,
        "HLT_HNL7p5_ctau1_eemu": 0.41882837355756336,
        "HLT_Zprime2EJs": 0.5467294870232021,
        "HLT_HAHMggfZdZd2l2nu": 0.5754179164983337,
        "HLT_HHbbttHadHad": 0.6630653345698575,
        "HLT_jjJZ4": 0.5520146555503569,
        "HLT_jjJZ2": 0.45526925372416366,
        "HLT_test2": 0.51071285275706
    },
    "HLT_3.keras": {
        "HLT_zerobias": 0.287470699470311,
        "HLT_passedHLT": 0.5460489254642455,
        "HLT_Ztautau": 0.34346609592931776,
        "HLT_ZZ4lep": 0.5825620881712124,
        "HLT_qqa": 0.4485002756548222,
        "HLT_HNL7p5_ctau1_eemu": 0.4040589046613407,
        "HLT_Zprime2EJs": 0.5349498484449062,
        "HLT_HAHMggfZdZd2l2nu": 0.5541386444212144,
        "HLT_HHbbttHadHad": 0.6427176697211818,
        "HLT_jjJZ4": 0.547638223226272,
        "HLT_jjJZ2": 0.4527328993190842,
        "HLT_test2": 0.5082004595756379
    },
    "HLT_4.keras": {
        "HLT_zerobias": 0.2885982571220618,