{
    "HLT_0.keras": {
        "HLT_zerobias": 5.443025900671431e-05,
        "HLT_passedHLT": 0.0003897675072546482,
        "HLT_Ztautau": 7e-05,
        "HLT_ZZ4lep": 0.00017,
        "HLT_qqa": 0.0001,
        "HLT_HNL7p5_ctau1_eemu": 0.0,
        "HLT_Zprime2EJs": 1e-05,
        "HLT_HAHMggfZdZd2l2nu": 0.0004714285714285714,
        "HLT_HHbbttHadHad": 0.00011428571428571428,
        "HLT_jjJZ4": 1.4285714285714285e-05,
        "HLT_jjJZ2": 8.571428571428571e-05,
        "HLT_test2": 2.0063572390776887e-05
    },
    "HLT_1.keras": {
        "HLT_zerobias": 5.228543980060896e-05,
        "HLT_passedHLT": 0.0001948837536273246,
        "HLT_Ztautau": 0.00031,
        "HLT_ZZ4lep": 0.00401,
        "HLT_qqa": 0.00054,
        "HLT_HNL7p5_ctau1_eemu": 0.0016,
        "HLT_Zprime2EJs": 0.00129,
        "HLT_HAHMggfZdZd2l2nu": 0.0041285714285714285,
        "HLT_HHbbttHadHad": 0.007014285714285714,
        "HLT_jjJZ4": 0.0010571428571428572,
        "HLT_jjJZ2": 0.0007428571428571429,
        "HLT_test2": 8.02542895631088e-05
    },
    "HLT_10.keras": {
        "HLT_zerobias": 9.465610732548801e-05,
        "HLT_passedHLT": 0.00019488375362732566,
        "HLT_Ztautau": 0.00068,
        "HLT_ZZ4lep": 0.01207,
        "HLT_qqa": 0.00192,
        "HLT_HNL7p5_ctau1_eemu": 0.0025,
        "HLT_Zprime2EJs": 0.00316,
        "HLT_HAHMggfZdZd2l2nu": 0.011357142857142857,
        "HLT_HHbbttHadHad": 0.0215,
        "HLT_jjJZ4": 0.0014571428571428572,
        "HLT_jjJZ2": 0.0011714285714285715,
        "HLT_test2": 4.0127144781553666e-05
    },
    "HLT_11.keras": {
        "HLT_zerobias": 4.614273502167199e-05,
        "HLT_passedHLT": 0.0003897675072546479,
        "HLT_Ztautau": 0.00167,
        "HLT_ZZ4lep": 0.03216,
        "HLT_qqa": 0.00432,
        "HLT_HNL7p5_ctau1_eemu": 0.0077,
        "HLT_Zprime2EJs": 0.00784,
        "HLT_HAHMggfZdZd2l2nu": 0.02697142857142857,
        "HLT_HHbbttHadHad": 0.051314285714285715,
        "HLT_jjJZ4": 0.004642857142857143,
        "HLT_jjJZ2": 0.0037285714285714287,
        "HLT_test2": 6.019071717233118e-05
    },
    "HLT_12.keras": {
        "HLT_zerobias": 3.95617921536795e-05,
        "HLT_passedHLT": 0.0,
        "HLT_Ztautau": 0.00233,
        "HLT_ZZ4lep": 0.04069,
        "HLT_qqa": 0.00582,
        "HLT_HNL7p5_ctau1_eemu": 0.0089,
        "HLT_Zprime2EJs": 0.01609,
        "HLT_HAHMggfZdZd2l2nu": 0.0499,
        "HLT_HHbbttHadHad": 0.07445714285714286,
        "HLT_jjJZ4": 0.006857142857142857,
        "HLT_jjJZ2": 0.0047,
        "HLT_test2": 4.012714478155456e-05
    },
    "HLT_13.keras": {
        "HLT_zerobias": 0.000131870358495281,
        "HLT_passedHLT": 0.00039066276971934957,
        "HLT_Ztautau": 0.00051,
        "HLT_ZZ4lep": 0.00671,
        "HLT_qqa": 0.00106,
        "HLT_HNL7p5_ctau1_eemu": 0.0015,
        "HLT_Zprime2EJs": 0.00136,
        "HLT_HAHMggfZdZd2l2nu": 0.011814285714285715,
        "HLT_HHbbttHadHad": 0.012228571428571429,
        "HLT_jjJZ4": 0.0014857142857142857,
        "HLT_jjJZ2": 0.0012857142857142856,
        "HLT_test2": 0.00014044500673544144
    },
    "HLT_14.keras": {
        "HLT_zerobias": 9.75862694403454e-05,
        "HLT_passedHLT": 0.00039066276971934784,
        "HLT_Ztautau": 0.00173,
        "HLT_ZZ4lep": 0.03349,
        "HLT_qqa": 0.00434,
        "HLT_HNL7p5_ctau1_eemu": 0.0067,
        "HLT_Zprime2EJs": 0.00877,
        "HLT_HAHMggfZdZd2l2nu": 0.035257142857142855,
        "HLT_HHbbttHadHad": 0.061442857142857146,
        "HLT_jjJZ4": 0.005042857142857143,
        "HLT_jjJZ2": 0.0036714285714285716,
        "HLT_test2": 0.0001404450067354401
    },
    "HLT_15.keras": {
        "HLT_zerobias": 0.0001132956095421854,
        "HLT_passedHLT": 0.00019577901609202358,
        "HLT_Ztautau": 0.00098,
        "HLT_ZZ4lep": 0.01736,
        "HLT_qqa": 0.00212,
        "HLT_HNL7p5_ctau1_eemu": 0.0053,
        "HLT_Zprime2EJs": 0.00437,
        "HLT_HAHMggfZdZd2l2nu": 0.017314285714285713,
        "HLT_HHbbttHadHad": 0.031842857142857145,
        "HLT_jjJZ4": 0.0029857142857142856,
        "HLT_jjJZ2": 0.0021142857142857144,
        "HLT_test2": 8.025428956310773e-05
    },
    "HLT_16.keras": {
        "HLT_zerobias": 8.633318943008234e-05,
        "HLT_passedHLT": 0.0,
        "HLT_Ztautau": 0.00219,
        "HLT_ZZ4lep": 0.0351,
        "HLT_qqa": 0.005,
        "HLT_HNL7p5_ctau1_eemu": 0.0102,
        "HLT_Zprime2EJs": 0.00971,
        "HLT_HAHMggfZdZd2l2nu": 0.032285714285714286,
        "HLT_HHbbttHadHad": 0.06707142857142857,
        "HLT_jjJZ4": 0.005385714285714285,
        "HLT_jjJZ2": 0.003985714285714286,
        "HLT_test2": 4.0127144781553835e-05
    },
    "HLT_17.keras": {
        "HLT_zerobias": 2.6122682248511658e-05,
        "HLT_passedHLT": 0.0,
        "HLT_Ztautau": 0.0001,
        "HLT_ZZ4lep": 0.00023,
        "HLT_qqa": 0.0,
        "HLT_HNL7p5_ctau1_eemu": 0.0,
        "HLT_Zprime2EJs": 1e-05,
        "HLT_HAHMggfZdZd2l2nu": 0.00044285714285714284,
        "HLT_HHbbttHadHad": 0.0001,
        "HLT_jjJZ4": 4.2857142857142856e-05,
        "HLT_jjJZ2": 1.4285714285714285e-05,
        "HLT_test2": 4.0127144781554344e-05
    },
    "HLT_18.keras": {
        "HLT_zerobias": 0.0001024706278558061,
        "HLT_passedHLT": 0.00039066276971934784,
        "HLT_Ztautau": 0.00242,
        "HLT_ZZ4lep": 0.04462,
        "HLT_qqa": 0.00652,
        "HLT_HNL7p5_ctau1_eemu": 0.011,
        "HLT_Zprime2EJs": 0.01446,
        "HLT_HAHMggfZdZd2l2nu": 0.0423,
        "HLT_HHbbttHadHad": 0.07768571428571429,
        "HLT_jjJZ4": 0.007214285714285714,
        "HLT_jjJZ2": 0.004971428571428571,
        "HLT_test2": 0.00014044500673543925
    },
    "HLT_19.keras": {
        "HLT_zerobias": 8.38261879179405e-05,
        "HLT_passedHLT": 0.0,
        "HLT_Ztautau": 0.00041,
        "HLT_ZZ4lep": 0.0079,
        "HLT_qqa": 0.00086,
        "HLT_HNL7p5_ctau1_eemu": 0.0027,
        "HLT_Zprime2EJs": 0.0014,
        "HLT_HAHMggfZdZd2l2nu": 0.0077714285714285715,
        "HLT_HHbbttHadHad": 0.012985714285714286,
        "HLT_jjJZ4": 0.0012857142857142856,
        "HLT_jjJZ2": 0.0005714285714285715,
        "HLT_test2": 4.0127144781554256e-05
    },
    "HLT_2.keras": {
        "HLT_zerobias": 8.513953978991299e-05,
        "HLT_passedHLT": 0.0001948837536273248,
        "HLT_Ztautau": 0.00088,
        "HLT_ZZ4lep": 0.01358,
        "HLT_qqa": 0.0022,
        "HLT_HNL7p5_ctau1_eemu": 0.0044,
        "HLT_Zprime2EJs": 0.00565,
        "HLT_HAHMggfZdZd2l2nu": 0.017471428571428572,
        "HLT_HHbbttHadHad": 0.0252,
        "HLT_jjJZ4": 0.003357142857142857,
        "HLT_jjJZ2": 0.0017142857142857142,
        "HLT_test2": 6.0190717172331394e-05
    },
    "HLT_3.keras": {
        "HLT_zerobias": 4.5732051952076195e-05,
        "HLT_passedHLT": 0.00019577901609202285,
        "HLT_Ztautau": 0.00055,
        "HLT_ZZ4lep": 0.00576,
        "HLT_qqa": 0.00078,
        "HLT_HNL7p5_ctau1_eemu": 0.0014,
        "HLT_Zprime2EJs": 0.00183,
        "HLT_HAHMggfZdZd2l2nu": 0.008757142857142857,
        "HLT_HHbbttHadHad": 0.012885714285714285,
        "HLT_jjJZ4": 0.0012285714285714285,
        "HLT_jjJZ2": 0.0010857142857142858,
        "HLT_test2": 6.042271570851497e-05
    },
    "HLT_4.keras": {
        "HLT_zerobias": 2.1135823771080223e-05,
        "HLT_passedHLT": 0.0001948837536273244,
        "HLT_Ztautau": 0.00187,
        "HLT_ZZ4lep": 0.02894,
        "HLT_qqa": 0.00418,
        "HLT_HNL7p5_ctau1_eemu": 0.0077,
        "HLT_Zprime2EJs": 0.0117,
        "HLT_HAHMggfZdZd2l2nu": 0.0306,
        "HLT_HHbbttHadHad": 0.05222857142857143,
        "HLT_jjJZ4": 0.005685714285714286,
        "HLT_jjJZ2": 0.003971428571428571,
        "HLT_test2": 6.0190717172331116e-05
    },
    "HLT_5.keras": {
        "HLT_zerobias": 6.403406645165431e-05,
        "HLT_passedHLT": 0.0003906627697193493,
        "HLT_Ztautau": 0.00351,
        "HLT_ZZ4lep": 0.07302,
        "HLT_qqa": 0.00994,
        "HLT_HNL7p5_ctau1_eemu": 0.0144,
        "HLT_Zprime2EJs": 0.02969,